{"cameraMode":{"drawMode":0,"name":"Shaded","section":"Shading Mode"},"sceneLighting":true,"audioPlay":false,"sceneViewState":{"showFog":true,"showMaterialUpdate":false,"showSkybox":true,"showFlares":true,"showImageEffects":true,"showParticleSystems":true},"in2DMode":false,"pivot":{"x":26.86078643798828,"y":-0.5936411619186401,"z":22.917896270751954},"rotation":{"x":0.04100292921066284,"y":-0.7116211652755737,"z":0.04167526960372925,"w":0.7001365423202515},"size":17.12221336364746,"orthographic":false}